"region_id": "DP00540r001", "ec_name": "Circular dichroism spectroscopy far-UV",
"region_id": "DP01064r003", "ec_name": "NMR-based hydrogen-deuterium exchange",
"region_id": "DP01581r001", "ec_name": "Nuclear magnetic resonance",
"region_id": "DP00003r002", "ec_name": "Missing electron density",
"region_id": "DP00541r001", "ec_name": "Nuclear magnetic resonance",
"region_id": "DP01065r001", "ec_name": "Proton-based nuclear magnetic resonance",
"region_id": "DP01582r003", "ec_name": "Nuclear magnetic resonance",
"region_id": "DP00005r001", "ec_name": "Nuclear magnetic resonance",
"region_id": "DP00543r014", "ec_name": "Circular dichroism spectroscopy far-UV",
"region_id": "DP01068r001", "ec_name": "Proton-based nuclear magnetic resonance",
"region_id": "DP01584r003", "ec_name": "Nuclear magnetic resonance",
"region_id": "DP00006r005", "ec_name": "Circular dichroism spectroscopy far-UV",
"region_id": "DP00544r003", "ec_name": "Circular dichroism spectroscopy far-UV",
"region_id": "DP01069r001", "ec_name": "Proton-based nuclear magnetic resonance",
"region_id": "DP01588r001", "ec_name": "Nuclear magnetic resonance",
"region_id": "DP00007r002", "ec_name": "Missing electron density",
"region_id": "DP00546r001", "ec_name": "Circular dichroism spectroscopy far-UV",
"region_id": "DP01070r005", "ec_name": "Proton-based nuclear magnetic resonance",
"region_id": "DP01590r001", "ec_name": "Nuclear magnetic resonance",
"region_id": "DP00008r013", "ec_name": "Small-angle X-ray scattering",
"region_id": "DP00549r001", "ec_name": "Nuclear magnetic resonance",
"region_id": "DP01071r001", "ec_name": "Circular dichroism spectroscopy far-UV",
"region_id": "DP01593r002", "ec_name": "Electron cryomicroscopy",
"region_id": "DP00011r006", "ec_name": "Missing electron density",
"region_id": "DP00550r001", "ec_name": "Circular dichroism spectroscopy far-UV",
"region_id": "DP01074r005", "ec_name": "Fourier transform infrared spectroscopy",
"region_id": "DP01594r001", "ec_name": "Missing electron density",
"region_id": "DP00012r007", "ec_name": "Proton-based nuclear magnetic resonance",
"region_id": "DP00551r001", "ec_name": "Nuclear magnetic resonance",
"region_id": "DP01075r001", "ec_name": "Circular dichroism spectroscopy far-UV",
"region_id": "DP01594r005", "ec_name": "Missing electron density",
"region_id": "DP00014r004", "ec_name": "Sensitivity to proteolysis",
"region_id": "DP00552r001", "ec_name": "Circular dichroism spectroscopy far-UV",
"region_id": "DP01076r001", "ec_name": "Circular dichroism spectroscopy far-UV",
"region_id": "DP01597r001", "ec_name": "Nuclear magnetic resonance",
"region_id": "DP00015r006", "ec_name": "Fourier transform infrared spectroscopy",
"region_id": "DP00553r001", "ec_name": "Circular dichroism spectroscopy far-UV",
"region_id": "DP01077r001", "ec_name": "Circular dichroism spectroscopy far-UV",
"region_id": "DP01600r001", "ec_name": "Missing electron density",
"region_id": "DP00016r001", "ec_name": "Sodium dodecyl sulfate polyacrylamide gel electrophoresis",
"region_id": "DP00558r002", "ec_name": "Missing electron density",
"region_id": "DP01078r001", "ec_name": "Circular dichroism spectroscopy far-UV",
"region_id": "DP01607r001", "ec_name": "Sensitivity to proteolysis",
"region_id": "DP00017r001", "ec_name": "Circular dichroism spectroscopy far-UV",
"region_id": "DP00563r001", "ec_name": "Nuclear magnetic resonance",
"region_id": "DP01079r001", "ec_name": "Sensitivity to proteolysis",
"region_id": "DP01611r002", "ec_name": "Missing electron density",
"region_id": "DP00018r011", "ec_name": "Circular dichroism spectroscopy far-UV",
"region_id": "DP00564r001", "ec_name": "Nuclear magnetic resonance",
"region_id": "DP01080r001", "ec_name": "Small-angle X-ray scattering",
"region_id": "DP01616r001", "ec_name": "Missing electron density",
"region_id": "DP00020r001", "ec_name": "Nuclear magnetic resonance",
"region_id": "DP00566r001", "ec_name": "Missing electron density",
"region_id": "DP01082r001", "ec_name": "Circular dichroism spectroscopy far-UV",
"region_id": "DP01623r001", "ec_name": "Small-angle X-ray scattering",
"region_id": "DP00020r003", "ec_name": "Nuclear magnetic resonance",
"region_id": "DP00573r001", "ec_name": "Missing electron density",
"region_id": "DP01083r001", "ec_name": "Proton-based nuclear magnetic resonance",
"region_id": "DP01628r001", "ec_name": "Sensitivity to proteolysis",
"region_id": "DP00020r013", "ec_name": "Missing electron density",
"region_id": "DP00576r004", "ec_name": "Circular dichroism spectroscopy far-UV",
"region_id": "DP01084r001", "ec_name": "Proton-based nuclear magnetic resonance",
"region_id": "DP01628r002", "ec_name": "Sensitivity to proteolysis",
"region_id": "DP00025r007", "ec_name": "Nuclear magnetic resonance",
"region_id": "DP00584r006", "ec_name": "Circular dichroism spectroscopy far-UV",
"region_id": "DP01085r001", "ec_name": "Proton-based nuclear magnetic resonance",
"region_id": "DP01629r001", "ec_name": "Sensitivity to proteolysis",
"region_id": "DP00026r001", "ec_name": "Circular dichroism spectroscopy far-UV",
"region_id": "DP00587r001", "ec_name": "Sodium dodecyl sulfate polyacrylamide gel electrophoresis",
"region_id": "DP01086r001", "ec_name": "Proton-based nuclear magnetic resonance",
"region_id": "DP01629r003", "ec_name": "Sensitivity to proteolysis",
"region_id": "DP00026r005", "ec_name": "Sensitivity to proteolysis",
"region_id": "DP00588r001", "ec_name": "Sensitivity to proteolysis",
"region_id": "DP01087r001", "ec_name": "Circular dichroism spectroscopy far-UV",
"region_id": "DP01629r007", "ec_name": "Sensitivity to proteolysis",
"region_id": "DP01088r001", "ec_name": "Circular dichroism spectroscopy far-UV",
"region_id": "DP01642r002", "ec_name": "Small-angle X-ray scattering",
"region_id": "DP00030r001", "ec_name": "Sensitivity to proteolysis",
"region_id": "DP00592r001", "ec_name": "Proton-based nuclear magnetic resonance",
"region_id": "DP01090r001", "ec_name": "Circular dichroism spectroscopy far-UV",
"region_id": "DP01658r003", "ec_name": "Electron cryomicroscopy",
"region_id": "DP00033r001", "ec_name": "Circular dichroism spectroscopy far-UV",
"region_id": "DP00594r001", "ec_name": "Circular dichroism spectroscopy far-UV",
"region_id": "DP01090r003", "ec_name": "Circular dichroism spectroscopy far-UV",
"region_id": "DP01658r004", "ec_name": "Electron cryomicroscopy",
"region_id": "DP00037r002", "ec_name": "Missing electron density",
"region_id": "DP00600r001", "ec_name": "Missing electron density",
"region_id": "DP01090r005", "ec_name": "Circular dichroism spectroscopy far-UV",
"region_id": "DP01658r005", "ec_name": "Electron cryomicroscopy",
"region_id": "DP00039r001", "ec_name": "Circular dichroism spectroscopy far-UV",
"region_id": "DP00607r001", "ec_name": "Sodium dodecyl sulfate polyacrylamide gel electrophoresis",
"region_id": "DP01094r005", "ec_name": "Circular dichroism spectroscopy far-UV",
"region_id": "DP01661r001", "ec_name": "Nuclear magnetic resonance",
"region_id": "DP00041r001", "ec_name": "Circular dichroism spectroscopy far-UV",
"region_id": "DP00607r004", "ec_name": "Nuclear magnetic resonance",
"region_id": "DP01675r001", "ec_name": "Missing electron density",
"region_id": "DP00043r001", "ec_name": "Nuclear magnetic resonance",
"region_id": "DP00609r001", "ec_name": "Circular dichroism spectroscopy far-UV",
"region_id": "DP01100r001", "ec_name": "Small-angle X-ray scattering",
"region_id": "DP01677r001", "ec_name": "Small-angle X-ray scattering",
"region_id": "DP00048r020", "ec_name": "Differential scanning calorimetry",
"region_id": "DP00610r001", "ec_name": "Circular dichroism spectroscopy far-UV",
"region_id": "DP01102r009", "ec_name": "inferred by author",
"region_id": "DP01737r001", "ec_name": "Circular dichroism spectroscopy far-UV",
"region_id": "DP00048r023", "ec_name": "Differential scanning calorimetry",
"region_id": "DP00611r001", "ec_name": "Missing electron density",
"region_id": "DP01103r007", "ec_name": "Circular dichroism spectroscopy far-UV",
"region_id": "DP01741r001", "ec_name": "Missing electron density",
"region_id": "DP00052r001", "ec_name": "Circular dichroism spectroscopy far-UV",
"region_id": "DP00613r001", "ec_name": "Immunochemistry",
"region_id": "DP01104r001", "ec_name": "Proton-based nuclear magnetic resonance",
"region_id": "DP01747r001", "ec_name": "Nuclear magnetic resonance",
"region_id": "DP00053r001", "ec_name": "Missing electron density",
"region_id": "DP00615r019", "ec_name": "Nuclear magnetic resonance",
"region_id": "DP01105r001", "ec_name": "Circular dichroism spectroscopy far-UV",
"region_id": "DP01750r001", "ec_name": "Nuclear magnetic resonance",
"region_id": "DP00055r002", "ec_name": "Missing electron density",
"region_id": "DP00616r001", "ec_name": "Nuclear magnetic resonance",
"region_id": "DP01106r001", "ec_name": "Small-angle X-ray scattering",
"region_id": "DP01757r001", "ec_name": "Nuclear magnetic resonance",
"region_id": "DP00060r001", "ec_name": "Missing electron density",
"region_id": "DP00621r001", "ec_name": "NMR-based hydrogen-deuterium exchange",
"region_id": "DP01108r001", "ec_name": "Nuclear magnetic resonance",
"region_id": "DP01759r001", "ec_name": "Circular dichroism spectroscopy far-UV",
"region_id": "DP00062r002", "ec_name": "Nuclear magnetic resonance",
"region_id": "DP00623r001", "ec_name": "Circular dichroism spectroscopy far-UV",
"region_id": "DP01109r001", "ec_name": "Nuclear magnetic resonance",
"region_id": "DP01765r001", "ec_name": "Sodium dodecyl sulfate polyacrylamide gel electrophoresis",
"region_id": "DP00063r001", "ec_name": "Missing electron density",
"region_id": "DP00623r003", "ec_name": "Circular dichroism spectroscopy far-UV",
"region_id": "DP01110r001", "ec_name": "Nuclear magnetic resonance",
"region_id": "DP01769r001", "ec_name": "Nuclear magnetic resonance",
"region_id": "DP00064r001", "ec_name": "Missing electron density",
"region_id": "DP00623r005", "ec_name": "Circular dichroism spectroscopy far-UV",
"region_id": "DP01113r001", "ec_name": "Circular dichroism spectroscopy far-UV",
"region_id": "DP01772r001", "ec_name": "Nuclear magnetic resonance",
"region_id": "DP00065r004", "ec_name": "Circular dichroism spectroscopy far-UV",
"region_id": "DP00624r001", "ec_name": "Nuclear magnetic resonance",
"region_id": "DP01114r001", "ec_name": "Nuclear magnetic resonance",
"region_id": "DP01774r001", "ec_name": "Nuclear magnetic resonance",
"region_id": "DP00066r001", "ec_name": "Missing electron density",
"region_id": "DP00625r001", "ec_name": "Circular dichroism spectroscopy near-UV",
"region_id": "DP01118r001", "ec_name": "Missing electron density",
"region_id": "DP01775r002", "ec_name": "Sensitivity to proteolysis",
"region_id": "DP00067r001", "ec_name": "Missing electron density",
"region_id": "DP00626r001", "ec_name": "Circular dichroism spectroscopy far-UV",
"region_id": "DP01119r004", "ec_name": "Sensitivity to proteolysis",
"region_id": "DP01775r005", "ec_name": "Sensitivity to proteolysis",
"region_id": "DP00068r001", "ec_name": "Circular dichroism spectroscopy far-UV",
"region_id": "DP00628r001", "ec_name": "Nuclear magnetic resonance",
"region_id": "DP01126r001", "ec_name": "Nuclear magnetic resonance",
"region_id": "DP01776r001", "ec_name": "Circular dichroism spectroscopy far-UV",
"region_id": "DP00070r001", "ec_name": "Sodium dodecyl sulfate polyacrylamide gel electrophoresis",
"region_id": "DP00629r005", "ec_name": "Nuclear magnetic resonance",
"region_id": "DP01127r001", "ec_name": "Proton-based nuclear magnetic resonance",
"region_id": "DP01777r001", "ec_name": "Circular dichroism spectroscopy far-UV",
"region_id": "DP00071r001", "ec_name": "Circular dichroism spectroscopy far-UV",
"region_id": "DP00631r001", "ec_name": "Circular dichroism spectroscopy far-UV",
"region_id": "DP01131r001", "ec_name": "Sensitivity to proteolysis",
"region_id": "DP01779r001", "ec_name": "Nuclear magnetic resonance",
"region_id": "DP00072r001", "ec_name": "Atomic force microscopy",
"region_id": "DP00632r001", "ec_name": "Circular dichroism spectroscopy far-UV",
"region_id": "DP01134r001", "ec_name": "Nuclear magnetic resonance",
"region_id": "DP01780r001", "ec_name": "Nuclear magnetic resonance",
"region_id": "DP00074r001", "ec_name": "Circular dichroism spectroscopy far-UV",
"region_id": "DP00633r001", "ec_name": "Nuclear magnetic resonance",
"region_id": "DP01135r001", "ec_name": "Circular dichroism spectroscopy far-UV",
"region_id": "DP01781r002", "ec_name": "Nuclear magnetic resonance",
"region_id": "DP00075r005", "ec_name": "Missing electron density",
"region_id": "DP00636r001", "ec_name": "Size exclusion/gel filtration chromatography",
"region_id": "DP01137r001", "ec_name": "Nuclear magnetic resonance",
"region_id": "DP01782r001", "ec_name": "Circular dichroism spectroscopy far-UV",
"region_id": "DP00075r008", "ec_name": "Missing electron density",
"region_id": "DP00640r005", "ec_name": "Nuclear magnetic resonance",
"region_id": "DP01139r013", "ec_name": "Nuclear magnetic resonance",
"region_id": "DP01783r001", "ec_name": "Nuclear magnetic resonance",
"region_id": "DP00076r002", "ec_name": "Missing electron density",
"region_id": "DP00645r001", "ec_name": "Circular dichroism spectroscopy far-UV",
"region_id": "DP01140r001", "ec_name": "Size exclusion/gel filtration chromatography",
"region_id": "DP01784r001", "ec_name": "Nuclear magnetic resonance",
"region_id": "DP00076r016", "ec_name": "Missing electron density",
"region_id": "DP00646r001", "ec_name": "Nuclear magnetic resonance",
"region_id": "DP01141r001", "ec_name": "Nuclear magnetic resonance",
"region_id": "DP01785r001", "ec_name": "Nuclear magnetic resonance",
"region_id": "DP00076r019", "ec_name": "Sensitivity to proteolysis",
"region_id": "DP00655r001", "ec_name": "Nuclear magnetic resonance",
"region_id": "DP01141r003", "ec_name": "Nuclear magnetic resonance",
"region_id": "DP01791r001", "ec_name": "Circular dichroism spectroscopy far-UV",
"region_id": "DP00078r001", "ec_name": "Circular dichroism spectroscopy far-UV",
"region_id": "DP00656r011", "ec_name": "Proton-based nuclear magnetic resonance",
"region_id": "DP01142r001", "ec_name": "Nuclear magnetic resonance",
"region_id": "DP01795r001", "ec_name": "Missing electron density",
"region_id": "DP00079r001", "ec_name": "Circular dichroism spectroscopy far-UV",
"region_id": "DP00657r001", "ec_name": "Circular dichroism spectroscopy far-UV",
"region_id": "DP01144r001", "ec_name": "Nuclear magnetic resonance",
"region_id": "DP01799r001", "ec_name": "Nuclear magnetic resonance",
"region_id": "DP00081r001", "ec_name": "Nuclear magnetic resonance",
"region_id": "DP00658r001", "ec_name": "Circular dichroism spectroscopy far-UV",
"region_id": "DP01146r001", "ec_name": "Circular dichroism spectroscopy far-UV",
"region_id": "DP01805r005", "ec_name": "NMR-based hydrogen-deuterium exchange",
"region_id": "DP00082r001", "ec_name": "Nuclear magnetic resonance",
"region_id": "DP00659r001", "ec_name": "Raman spectroscopy",
"region_id": "DP01147r001", "ec_name": "Sensitivity to proteolysis",
"region_id": "DP01806r001", "ec_name": "Nuclear magnetic resonance",
"region_id": "DP00083r001", "ec_name": "Circular dichroism spectroscopy far-UV",
"region_id": "DP00661r001", "ec_name": "Nuclear magnetic resonance",
"region_id": "DP01149r001", "ec_name": "Circular dichroism spectroscopy far-UV",
"region_id": "DP01817r001", "ec_name": "Missing electron density",
"region_id": "DP00084r006", "ec_name": "Missing electron density",
"region_id": "DP00662r001", "ec_name": "Size exclusion/gel filtration chromatography",
"region_id": "DP01150r011", "ec_name": "Nuclear magnetic resonance",
"region_id": "DP01825r001", "ec_name": "Missing electron density",
"region_id": "DP00085r001", "ec_name": "Nuclear magnetic resonance",
"region_id": "DP00664r001", "ec_name": "Circular dichroism spectroscopy far-UV",
"region_id": "DP01151r001", "ec_name": "Nuclear magnetic resonance",
"region_id": "DP01832r001", "ec_name": "Circular dichroism spectroscopy far-UV",
"region_id": "DP00086r009", "ec_name": "Missing electron density",
"region_id": "DP00666r001", "ec_name": "Nuclear magnetic resonance",
"region_id": "DP01152r001", "ec_name": "Nuclear magnetic resonance",
"region_id": "DP01840r001", "ec_name": "Sensitivity to proteolysis",
"region_id": "DP01153r001", "ec_name": "Nuclear magnetic resonance",
"region_id": "DP01841r001", "ec_name": "Nuclear magnetic resonance",
"region_id": "DP00087r001", "ec_name": "Missing electron density",
"region_id": "DP00669r001", "ec_name": "Circular dichroism spectroscopy far-UV",
"region_id": "DP01154r001", "ec_name": "Nuclear magnetic resonance",
"region_id": "DP01844r001", "ec_name": "Missing electron density",
"region_id": "DP00088r001", "ec_name": "Missing electron density",
"region_id": "DP00672r001", "ec_name": "Nuclear magnetic resonance",
"region_id": "DP01155r001", "ec_name": "Nuclear magnetic resonance",
"region_id": "DP01850r002", "ec_name": "Missing electron density",
"region_id": "DP00088r003", "ec_name": "Missing electron density",
"region_id": "DP00673r001", "ec_name": "Stability at thermal extremes",
"region_id": "DP01158r001", "ec_name": "Nuclear magnetic resonance",
"region_id": "DP01852r001", "ec_name": "Circular dichroism spectroscopy far-UV",
"region_id": "DP00090r001", "ec_name": "Nuclear magnetic resonance",
"region_id": "DP00674r001", "ec_name": "Stability at thermal extremes",
"region_id": "DP01159r001", "ec_name": "Circular dichroism spectroscopy far-UV",
"region_id": "DP01857r003", "ec_name": "Missing electron density",
"region_id": "DP00091r001", "ec_name": "Sodium dodecyl sulfate polyacrylamide gel electrophoresis",
"region_id": "DP00675r001", "ec_name": "Sensitivity to proteolysis",
"region_id": "DP01160r001", "ec_name": "Nuclear magnetic resonance",
"region_id": "DP01859r001", "ec_name": "Circular dichroism spectroscopy far-UV",
"region_id": "DP00091r003", "ec_name": "Electrospray ionization fourier transform ion cyclotron resonance mass spectrometry",
"region_id": "DP00677r001", "ec_name": "Analytical ultracentrifugation",
"region_id": "DP01162r001", "ec_name": "Nuclear magnetic resonance",
"region_id": "DP01861r001", "ec_name": "Circular dichroism spectroscopy far-UV",
"region_id": "DP00092r025", "ec_name": "Circular dichroism spectroscopy far-UV",
"region_id": "DP00678r001", "ec_name": "Proton-based nuclear magnetic resonance",
"region_id": "DP01165r001", "ec_name": "Missing electron density",
"region_id": "DP01863r001", "ec_name": "Missing electron density",
"region_id": "DP00094r001", "ec_name": "Nuclear magnetic resonance",
"region_id": "DP00683r003", "ec_name": "Circular dichroism spectroscopy far-UV",
"region_id": "DP01166r001", "ec_name": "Sensitivity to proteolysis",
"region_id": "DP01870r001", "ec_name": "Nuclear magnetic resonance",
"region_id": "DP00097r007", "ec_name": "Fourier transform infrared spectroscopy",
"region_id": "DP00689r001", "ec_name": "Circular dichroism spectroscopy far-UV",
"region_id": "DP01169r001", "ec_name": "Nuclear magnetic resonance",
"region_id": "DP01874r001", "ec_name": "Missing electron density",
"region_id": "DP00100r001", "ec_name": "Missing electron density",
"region_id": "DP00693r001", "ec_name": "Circular dichroism spectroscopy far-UV",
"region_id": "DP01170r001", "ec_name": "Circular dichroism spectroscopy far-UV",
"region_id": "DP01875r001", "ec_name": "Nuclear magnetic resonance",
"region_id": "DP00107r001", "ec_name": "Missing electron density",
"region_id": "DP00694r001", "ec_name": "Proton-based nuclear magnetic resonance",
"region_id": "DP01171r001", "ec_name": "Circular dichroism spectroscopy far-UV",
"region_id": "DP01876r001", "ec_name": "Circular dichroism spectroscopy far-UV",
"region_id": "DP00110r001", "ec_name": "Missing electron density",
"region_id": "DP00697r001", "ec_name": "Circular dichroism spectroscopy far-UV",
"region_id": "DP01172r001", "ec_name": "Circular dichroism spectroscopy far-UV",
"region_id": "DP01877r003", "ec_name": "Sensitivity to proteolysis",
"region_id": "DP00111r001", "ec_name": "Nuclear magnetic resonance",
"region_id": "DP00699r001", "ec_name": "Proton-based nuclear magnetic resonance",
"region_id": "DP01172r006", "ec_name": "NMR-based hydrogen-deuterium exchange",
"region_id": "DP01879r001", "ec_name": "Missing electron density",
"region_id": "DP00113r001", "ec_name": "Circular dichroism spectroscopy far-UV",
"region_id": "DP00702r001", "ec_name": "Missing electron density",
"region_id": "DP01173r001", "ec_name": "Size exclusion/gel filtration chromatography",
"region_id": "DP01880r001", "ec_name": "Nuclear magnetic resonance",
"region_id": "DP00116r001", "ec_name": "Nuclear magnetic resonance",
"region_id": "DP00706r001", "ec_name": "Circular dichroism spectroscopy far-UV",
"region_id": "DP01174r001", "ec_name": "Nuclear magnetic resonance",
"region_id": "DP01890r005", "ec_name": "Circular dichroism spectroscopy far-UV",
"region_id": "DP00118r001", "ec_name": "Nuclear magnetic resonance",
"region_id": "DP00707r001", "ec_name": "Nuclear magnetic resonance",
"region_id": "DP01175r001", "ec_name": "Nuclear magnetic resonance",
"region_id": "DP01920r001", "ec_name": "Missing electron density",
"region_id": "DP00119r001", "ec_name": "Circular dichroism spectroscopy far-UV",
"region_id": "DP00707r002", "ec_name": "Nuclear magnetic resonance",
"region_id": "DP01176r001", "ec_name": "Nuclear magnetic resonance",
"region_id": "DP01920r002", "ec_name": "Missing electron density",
"region_id": "DP00120r001", "ec_name": "Sodium dodecyl sulfate polyacrylamide gel electrophoresis",
"region_id": "DP00709r006", "ec_name": "Circular dichroism spectroscopy far-UV",
"region_id": "DP01178r001", "ec_name": "Stability at thermal extremes",
"region_id": "DP01937r001", "ec_name": "Circular dichroism spectroscopy far-UV",
"region_id": "DP00122r001", "ec_name": "Circular dichroism spectroscopy far-UV",
"region_id": "DP00716r001", "ec_name": "Missing electron density",
"region_id": "DP01180r001", "ec_name": "Nuclear magnetic resonance",
"region_id": "DP01939r001", "ec_name": "Nuclear magnetic resonance",
"region_id": "DP00122r003", "ec_name": "Circular dichroism spectroscopy far-UV",
"region_id": "DP00718r001", "ec_name": "Missing electron density",
"region_id": "DP01184r001", "ec_name": "Nuclear magnetic resonance",
"region_id": "DP01941r001", "ec_name": "Missing electron density",
"region_id": "DP00122r005", "ec_name": "Circular dichroism spectroscopy far-UV",
"region_id": "DP00718r013", "ec_name": "Missing electron density",
"region_id": "DP01195r001", "ec_name": "Electron cryomicroscopy",
"region_id": "DP01942r001", "ec_name": "Nuclear magnetic resonance",
"region_id": "DP00123r001", "ec_name": "Nuclear magnetic resonance",
"region_id": "DP00718r027", "ec_name": "Missing electron density",
"region_id": "DP01196r001", "ec_name": "Electron cryomicroscopy",
"region_id": "DP01943r001", "ec_name": "Missing electron density",
"region_id": "DP00128r001", "ec_name": "Circular dichroism spectroscopy far-UV",
"region_id": "DP00719r001", "ec_name": "Nuclear magnetic resonance",
"region_id": "DP01199r001", "ec_name": "Missing electron density",
"region_id": "DP01944r001", "ec_name": "Missing electron density",
"region_id": "DP00132r006", "ec_name": "Nuclear magnetic resonance",
"region_id": "DP00719r003", "ec_name": "Nuclear magnetic resonance",
"region_id": "DP01200r001", "ec_name": "Missing electron density",
"region_id": "DP01945r001", "ec_name": "Proton-based nuclear magnetic resonance",
"region_id": "DP00133r025", "ec_name": "Nuclear magnetic resonance",
"region_id": "DP00719r007", "ec_name": "Nuclear magnetic resonance",
"region_id": "DP01201r007", "ec_name": "Circular dichroism spectroscopy far-UV",
"region_id": "DP01946r001", "ec_name": "Nuclear magnetic resonance",
"region_id": "DP00134r001", "ec_name": "Nuclear magnetic resonance",
"region_id": "DP00720r001", "ec_name": "Atomic force microscopy",
"region_id": "DP01202r001", "ec_name": "Nuclear magnetic resonance",
"region_id": "DP01947r001", "ec_name": "Nuclear magnetic resonance",
"region_id": "DP00134r004", "ec_name": "Nuclear magnetic resonance",
"region_id": "DP00720r007", "ec_name": "Atomic force microscopy",
"region_id": "DP01203r001", "ec_name": "Nuclear magnetic resonance",
"region_id": "DP01951r004", "ec_name": "Missing electron density",
"region_id": "DP00135r001", "ec_name": "Nuclear magnetic resonance",
"region_id": "DP00721r001", "ec_name": "Atomic force microscopy",
"region_id": "DP01206r001", "ec_name": "Missing electron density",
"region_id": "DP01963r002", "ec_name": "Missing electron density",
"region_id": "DP00136r008", "ec_name": "Circular dichroism spectroscopy near-UV",
"region_id": "DP00724r001", "ec_name": "Missing electron density",
"region_id": "DP01237r001", "ec_name": "Electron cryomicroscopy",
"region_id": "DP01968r001", "ec_name": "Circular dichroism spectroscopy far-UV",
"region_id": "DP00138r010", "ec_name": "Missing electron density",
"region_id": "DP00728r009", "ec_name": "Missing electron density",
"region_id": "DP01239r002", "ec_name": "Missing electron density",
"region_id": "DP01969r001", "ec_name": "Dynamic light scattering",
"region_id": "DP00140r001", "ec_name": "Circular dichroism spectroscopy near-UV",
"region_id": "DP00734r003", "ec_name": "Missing electron density",
"region_id": "DP01240r002", "ec_name": "Electron cryomicroscopy",
"region_id": "DP01971r001", "ec_name": "Circular dichroism spectroscopy far-UV",
"region_id": "DP00141r001", "ec_name": "Nuclear magnetic resonance",
"region_id": "DP00742r001", "ec_name": "Nuclear magnetic resonance",
"region_id": "DP01241r001", "ec_name": "Nuclear magnetic resonance",
"region_id": "DP01973r003", "ec_name": "Missing electron density",
"region_id": "DP00144r008", "ec_name": "Nuclear magnetic resonance",
"region_id": "DP00747r001", "ec_name": "Nuclear magnetic resonance",
"region_id": "DP01246r001", "ec_name": "Missing electron density",
"region_id": "DP01979r001", "ec_name": "Missing electron density",
"region_id": "DP00148r001", "ec_name": "Nuclear magnetic resonance",
"region_id": "DP00748r009", "ec_name": "Nuclear magnetic resonance",
"region_id": "DP01248r001", "ec_name": "Circular dichroism spectroscopy far-UV",
"region_id": "DP01985r001", "ec_name": "Missing electron density",
"region_id": "DP00152r008", "ec_name": "Missing electron density",
"region_id": "DP01254r001", "ec_name": "Missing electron density",
"region_id": "DP01996r002", "ec_name": "Missing electron density",
"region_id": "DP00156r001", "ec_name": "Nuclear magnetic resonance",
"region_id": "DP01256r001", "ec_name": "Circular dichroism spectroscopy far-UV",
"region_id": "DP02000r001", "ec_name": "Circular dichroism spectroscopy far-UV",
"region_id": "DP00156r005", "ec_name": "Nuclear magnetic resonance",
"region_id": "DP00750r002", "ec_name": "Missing electron density",
"region_id": "DP01261r001", "ec_name": "Missing electron density",
"region_id": "DP02002r001", "ec_name": "Missing electron density",
"region_id": "DP00157r013", "ec_name": "Sensitivity to proteolysis",
"region_id": "DP00752r001", "ec_name": "Nuclear magnetic resonance",
"region_id": "DP01262r001", "ec_name": "Electron cryomicroscopy",
"region_id": "DP02003r001", "ec_name": "Sensitivity to proteolysis",
"region_id": "DP00159r017", "ec_name": "isothermal titration calorimetry",
"region_id": "DP00753r001", "ec_name": "Nuclear magnetic resonance",
"region_id": "DP01262r003", "ec_name": "Electron cryomicroscopy",
"region_id": "DP02004r001", "ec_name": "Circular dichroism spectroscopy far-UV",
"region_id": "DP00163r001", "ec_name": "Stability at pH extremes",
"region_id": "DP00753r004", "ec_name": "Nuclear magnetic resonance",
"region_id": "DP01269r002", "ec_name": "Missing electron density",
"region_id": "DP02004r003", "ec_name": "Nuclear magnetic resonance",
"region_id": "DP00164r001", "ec_name": "Circular dichroism spectroscopy far-UV",
"region_id": "DP00754r001", "ec_name": "Missing electron density",
"region_id": "DP01279r001", "ec_name": "Missing electron density",
"region_id": "DP02005r001", "ec_name": "Sensitivity to proteolysis",
"region_id": "DP00168r001", "ec_name": "Missing electron density",
"region_id": "DP00765r002", "ec_name": "Nuclear magnetic resonance",
"region_id": "DP01280r001", "ec_name": "Circular dichroism spectroscopy far-UV",
"region_id": "DP02007r001", "ec_name": "Circular dichroism spectroscopy far-UV",
"region_id": "DP00173r001", "ec_name": "Circular dichroism spectroscopy near-UV",
"region_id": "DP00768r001", "ec_name": "Nuclear magnetic resonance",
"region_id": "DP01285r001", "ec_name": "Missing electron density",
"region_id": "DP02008r001", "ec_name": "Circular dichroism spectroscopy far-UV",
"region_id": "DP00174r001", "ec_name": "Circular dichroism spectroscopy far-UV",
"region_id": "DP00768r008", "ec_name": "Nuclear magnetic resonance",
"region_id": "DP01287r001", "ec_name": "Nuclear magnetic resonance",
"region_id": "DP02009r001", "ec_name": "Nuclear magnetic resonance",
"region_id": "DP00175r021", "ec_name": "Circular dichroism spectroscopy far-UV",
"region_id": "DP00768r014", "ec_name": "Nuclear magnetic resonance",
"region_id": "DP01288r001", "ec_name": "Size exclusion/gel filtration chromatography",
"region_id": "DP02010r003", "ec_name": "Nuclear magnetic resonance",
"region_id": "DP00177r001", "ec_name": "Nuclear magnetic resonance",
"region_id": "DP00768r020", "ec_name": "Nuclear magnetic resonance",
"region_id": "DP01289r001", "ec_name": "Small-angle X-ray scattering",
"region_id": "DP02010r004", "ec_name": "Nuclear magnetic resonance",
"region_id": "DP00179r001", "ec_name": "Circular dichroism spectroscopy far-UV",
"region_id": "DP00769r001", "ec_name": "Missing electron density",
"region_id": "DP01292r001", "ec_name": "Electron cryomicroscopy",
"region_id": "DP02011r001", "ec_name": "Missing electron density",
"region_id": "DP00181r001", "ec_name": "Circular dichroism spectroscopy far-UV",
"region_id": "DP00771r001", "ec_name": "Missing electron density",
"region_id": "DP01293r001", "ec_name": "Nuclear magnetic resonance",
"region_id": "DP02025r001", "ec_name": "Missing electron density",
"region_id": "DP00184r001", "ec_name": "Missing electron density",
"region_id": "DP00774r001", "ec_name": "Nuclear magnetic resonance",
"region_id": "DP01299r001", "ec_name": "Circular dichroism spectroscopy far-UV",
"region_id": "DP02033r008", "ec_name": "comigration in gel electrophoresis",
"region_id": "DP00184r004", "ec_name": "Missing electron density",
"region_id": "DP00775r007", "ec_name": "Missing electron density",
"region_id": "DP01300r001", "ec_name": "Circular dichroism spectroscopy far-UV",
"region_id": "DP02042r001", "ec_name": "Missing electron density",
"region_id": "DP00186r001", "ec_name": "Fourier transform infrared spectroscopy",
"region_id": "DP00776r001", "ec_name": "Nuclear magnetic resonance",
"region_id": "DP01303r001", "ec_name": "Mass spectrometry-based high resolution hydrogen-deuterium exchange",
"region_id": "DP02049r001", "ec_name": "Missing electron density",
"region_id": "DP00190r001", "ec_name": "Missing electron density",
"region_id": "DP00786r001", "ec_name": "Missing electron density",
"region_id": "DP01304r001", "ec_name": "Circular dichroism spectroscopy far-UV",
"region_id": "DP02049r002", "ec_name": "Missing electron density",
"region_id": "DP00191r001", "ec_name": "Missing electron density",
"region_id": "DP00786r002", "ec_name": "Missing electron density",
"region_id": "DP01306r001", "ec_name": "Electron cryomicroscopy",
"region_id": "DP02050r002", "ec_name": "Missing electron density",
"region_id": "DP00193r001", "ec_name": "Circular dichroism spectroscopy far-UV",
"region_id": "DP00787r001", "ec_name": "Missing electron density",
"region_id": "DP01308r002", "ec_name": "Circular dichroism spectroscopy far-UV",
"region_id": "DP02055r001", "ec_name": "Missing electron density",
"region_id": "DP00194r001", "ec_name": "Sensitivity to proteolysis",
"region_id": "DP00788r001", "ec_name": "Missing electron density",
"region_id": "DP01310r003", "ec_name": "Nuclear magnetic resonance",
"region_id": "DP02061r002", "ec_name": "Nuclear magnetic resonance",
"region_id": "DP00196r001", "ec_name": "Sensitivity to proteolysis",
"region_id": "DP00790r001", "ec_name": "Nuclear magnetic resonance",
"region_id": "DP01312r001", "ec_name": "Missing electron density",
"region_id": "DP02067r001", "ec_name": "Missing electron density",
"region_id": "DP00200r001", "ec_name": "Nuclear magnetic resonance",
"region_id": "DP00791r003", "ec_name": "Missing electron density",
"region_id": "DP01313r001", "ec_name": "Circular dichroism spectroscopy far-UV",
"region_id": "DP02071r001", "ec_name": "Missing electron density",
"region_id": "DP00200r003", "ec_name": "Nuclear magnetic resonance",
"region_id": "DP00794r004", "ec_name": "Missing electron density",
"region_id": "DP01315r001", "ec_name": "Nuclear magnetic resonance",
"region_id": "DP02086r001", "ec_name": "Missing electron density",
"region_id": "DP00201r001", "ec_name": "Nuclear magnetic resonance",
"region_id": "DP00797r001", "ec_name": "Missing electron density",
"region_id": "DP01316r001", "ec_name": "Nuclear magnetic resonance",
"region_id": "DP02097r006", "ec_name": "Missing electron density",
"region_id": "DP00205r001", "ec_name": "Size exclusion/gel filtration chromatography",
"region_id": "DP00798r001", "ec_name": "Missing electron density",
"region_id": "DP01317r001", "ec_name": "Electron cryomicroscopy",
"region_id": "DP02109r001", "ec_name": "Nuclear magnetic resonance",
"region_id": "DP00207r007", "ec_name": "Sodium dodecyl sulfate polyacrylamide gel electrophoresis",
"region_id": "DP00798r002", "ec_name": "Missing electron density",
"region_id": "DP01320r001", "ec_name": "Circular dichroism spectroscopy far-UV",
"region_id": "DP02120r001", "ec_name": "Missing electron density",
"region_id": "DP00214r001", "ec_name": "Nuclear magnetic resonance",
"region_id": "DP00800r003", "ec_name": "Missing electron density",
"region_id": "DP01322r001", "ec_name": "Nuclear magnetic resonance",
"region_id": "DP02124r001", "ec_name": "Fluorescence resonance energy transfer",
"region_id": "DP00217r003", "ec_name": "Circular dichroism spectroscopy far-UV",
"region_id": "DP00803r001", "ec_name": "Missing electron density",
"region_id": "DP01329r001", "ec_name": "Missing electron density",
"region_id": "DP02128r001", "ec_name": "Missing electron density",
"region_id": "DP00218r001", "ec_name": "Missing electron density",
"region_id": "DP00806r001", "ec_name": "Missing electron density",
"region_id": "DP01330r001", "ec_name": "Missing electron density",
"region_id": "DP02130r002", "ec_name": "Missing electron density",
"region_id": "DP00219r001", "ec_name": "Sodium dodecyl sulfate polyacrylamide gel electrophoresis",
"region_id": "DP00808r001", "ec_name": "Missing electron density",
"region_id": "DP01330r002", "ec_name": "Missing electron density",
"region_id": "DP02132r001", "ec_name": "Circular dichroism spectroscopy far-UV",
"region_id": "DP00220r001", "ec_name": "Sensitivity to proteolysis",
"region_id": "DP00808r004", "ec_name": "Missing electron density",
"region_id": "DP01332r002", "ec_name": "Nuclear magnetic resonance",
"region_id": "DP02143r003", "ec_name": "Missing electron density",
"region_id": "DP00221r001", "ec_name": "Circular dichroism spectroscopy far-UV",
"region_id": "DP00809r001", "ec_name": "Nuclear magnetic resonance",
"region_id": "DP01336r001", "ec_name": "Nuclear magnetic resonance",
"region_id": "DP02145r001", "ec_name": "Missing electron density",
"region_id": "DP00222r001", "ec_name": "Circular dichroism spectroscopy far-UV",
"region_id": "DP01339r001", "ec_name": "Missing electron density",
"region_id": "DP02148r002", "ec_name": "Crystallography",
"region_id": "DP00223r001", "ec_name": "Nuclear magnetic resonance",
"region_id": "DP00815r001", "ec_name": "Circular dichroism spectroscopy far-UV",
"region_id": "DP01342r001", "ec_name": "Missing electron density",
"region_id": "DP02155r002", "ec_name": "Missing electron density",
"region_id": "DP00225r001", "ec_name": "Circular dichroism spectroscopy far-UV",
"region_id": "DP00823r001", "ec_name": "Missing electron density",
"region_id": "DP01344r001", "ec_name": "Nuclear magnetic resonance",
"region_id": "DP02158r001", "ec_name": "Circular dichroism spectroscopy far-UV",
"region_id": "DP00225r007", "ec_name": "Circular dichroism spectroscopy far-UV",
"region_id": "DP00834r010", "ec_name": "Circular dichroism spectroscopy far-UV",
"region_id": "DP01356r001", "ec_name": "Missing electron density",
"region_id": "DP02159r001", "ec_name": "Circular dichroism spectroscopy far-UV",
"region_id": "DP00229r001", "ec_name": "Nuclear magnetic resonance",
"region_id": "DP00835r001", "ec_name": "Missing electron density",
"region_id": "DP01361r002", "ec_name": "Missing electron density",
"region_id": "DP02162r001", "ec_name": "Circular dichroism spectroscopy far-UV",
"region_id": "DP00230r001", "ec_name": "Nuclear magnetic resonance",
"region_id": "DP00835r002", "ec_name": "Missing electron density",
"region_id": "DP01392r003", "ec_name": "Missing electron density",
"region_id": "DP02163r001", "ec_name": "Circular dichroism spectroscopy far-UV",
"region_id": "DP00231r001", "ec_name": "Nuclear magnetic resonance",
"region_id": "DP00836r001", "ec_name": "Missing electron density",
"region_id": "DP01394r003", "ec_name": "Small-angle X-ray scattering",
"region_id": "DP02164r001", "ec_name": "Missing electron density",
"region_id": "DP00233r002", "ec_name": "Missing electron density",
"region_id": "DP00839r002", "ec_name": "Nuclear magnetic resonance",
"region_id": "DP01399r001", "ec_name": "Missing electron density",
"region_id": "DP02167r001", "ec_name": "Circular dichroism spectroscopy far-UV",
"region_id": "DP00236r001", "ec_name": "Circular dichroism spectroscopy far-UV",
"region_id": "DP00840r004", "ec_name": "Nuclear magnetic resonance",
"region_id": "DP01400r003", "ec_name": "Nuclear magnetic resonance",
"region_id": "DP02171r002", "ec_name": "Missing electron density",
"region_id": "DP00238r001", "ec_name": "Nuclear magnetic resonance",
"region_id": "DP00841r001", "ec_name": "Nuclear magnetic resonance",
"region_id": "DP01401r001", "ec_name": "Missing electron density",
"region_id": "DP02171r004", "ec_name": "Sensitivity to proteolysis",
"region_id": "DP00239r001", "ec_name": "Missing electron density",
"region_id": "DP00848r001", "ec_name": "Nuclear magnetic resonance",
"region_id": "DP01405r001", "ec_name": "Nuclear magnetic resonance",
"region_id": "DP02173r001", "ec_name": "Missing electron density",
"region_id": "DP00240r001", "ec_name": "Circular dichroism spectroscopy far-UV",
"region_id": "DP00850r001", "ec_name": "Missing electron density",
"region_id": "DP01424r001", "ec_name": "Missing electron density",
"region_id": "DP02192r001", "ec_name": "Circular dichroism spectroscopy far-UV",
"region_id": "DP00241r001", "ec_name": "Circular dichroism spectroscopy far-UV",
"region_id": "DP00851r001", "ec_name": "Missing electron density",
"region_id": "DP01425r001", "ec_name": "Nuclear magnetic resonance",
"region_id": "DP02196r001", "ec_name": "Small-angle X-ray scattering",
"region_id": "DP00242r001", "ec_name": "Circular dichroism spectroscopy far-UV",
"region_id": "DP00862r001", "ec_name": "Missing electron density",
"region_id": "DP01426r002", "ec_name": "Sensitivity to proteolysis",
"region_id": "DP02197r001", "ec_name": "Missing electron density",
"region_id": "DP00249r001", "ec_name": "Circular dichroism spectroscopy far-UV",
"region_id": "DP00863r001", "ec_name": "Missing electron density",
"region_id": "DP01426r018", "ec_name": "Sensitivity to proteolysis",
"region_id": "DP02205r001", "ec_name": "Circular dichroism spectroscopy far-UV",
"region_id": "DP00250r010", "ec_name": "Sensitivity to proteolysis",
"region_id": "DP00864r004", "ec_name": "Missing electron density",
"region_id": "DP01427r001", "ec_name": "Nuclear magnetic resonance",
"region_id": "DP02207r001", "ec_name": "Small-angle X-ray scattering",
"region_id": "DP00251r001", "ec_name": "Circular dichroism spectroscopy far-UV",
"region_id": "DP00869r001", "ec_name": "Missing electron density",
"region_id": "DP01428r001", "ec_name": "Circular dichroism spectroscopy far-UV",
"region_id": "DP02210r001", "ec_name": "Electron cryomicroscopy",
"region_id": "DP00256r001", "ec_name": "Nuclear magnetic resonance",
"region_id": "DP00870r001", "ec_name": "Missing electron density",
"region_id": "DP01429r001", "ec_name": "Electron cryomicroscopy",
"region_id": "DP02220r001", "ec_name": "Sodium dodecyl sulfate polyacrylamide gel electrophoresis",
"region_id": "DP00257r009", "ec_name": "Nuclear magnetic resonance",
"region_id": "DP00871r001", "ec_name": "Circular dichroism spectroscopy far-UV",
"region_id": "DP01431r002", "ec_name": "Sensitivity to proteolysis",
"region_id": "DP02224r001", "ec_name": "Missing electron density",
"region_id": "DP00262r004", "ec_name": "Circular dichroism spectroscopy far-UV",
"region_id": "DP00872r001", "ec_name": "Missing electron density",
"region_id": "DP01436r001", "ec_name": "Circular dichroism spectroscopy far-UV",
"region_id": "DP02233r001", "ec_name": "Missing electron density",
"region_id": "DP00262r006", "ec_name": "Nuclear magnetic resonance",
"region_id": "DP00873r001", "ec_name": "Missing electron density",
"region_id": "DP01437r001", "ec_name": "Circular dichroism spectroscopy far-UV",
"region_id": "DP02253r001", "ec_name": "Missing electron density",
"region_id": "DP00269r001", "ec_name": "Fluorescence polarization/anisotropy",
"region_id": "DP00875r001", "ec_name": "Circular dichroism spectroscopy far-UV",
"region_id": "DP01438r001", "ec_name": "Circular dichroism spectroscopy far-UV",
"region_id": "DP02269r004", "ec_name": "Nuclear magnetic resonance",
"region_id": "DP00278r001", "ec_name": "Nuclear magnetic resonance",
"region_id": "DP00876r001", "ec_name": "Sensitivity to proteolysis",
"region_id": "DP01438r004", "ec_name": "Circular dichroism spectroscopy far-UV",
"region_id": "DP02271r002", "ec_name": "Nuclear magnetic resonance",
"region_id": "DP00278r015", "ec_name": "Nuclear magnetic resonance",
"region_id": "DP00877r001", "ec_name": "Sodium dodecyl sulfate polyacrylamide gel electrophoresis",
"region_id": "DP01442r001", "ec_name": "Circular dichroism spectroscopy far-UV",
"region_id": "DP02292r001", "ec_name": "Nuclear magnetic resonance",
"region_id": "DP00282r001", "ec_name": "Nuclear magnetic resonance",
"region_id": "DP00892r001", "ec_name": "Nuclear magnetic resonance",
"region_id": "DP01443r003", "ec_name": "Electron cryomicroscopy",
"region_id": "DP02299r001", "ec_name": "Nuclear magnetic resonance",
"region_id": "DP00285r002", "ec_name": "Dynamic light scattering",
"region_id": "DP00893r013", "ec_name": "Missing electron density",
"region_id": "DP01443r005", "ec_name": "Electron cryomicroscopy",
"region_id": "DP02311r004", "ec_name": "Nuclear magnetic resonance",
"region_id": "DP00896r001", "ec_name": "Nuclear magnetic resonance",
"region_id": "DP01445r001", "ec_name": "Electron cryomicroscopy",
"region_id": "DP02312r001", "ec_name": "Sensitivity to proteolysis",
"region_id": "DP00298r001", "ec_name": "Nuclear magnetic resonance",
"region_id": "DP00900r001", "ec_name": "Missing electron density",
"region_id": "DP01445r002", "ec_name": "Electron cryomicroscopy",
"region_id": "DP02316r001", "ec_name": "Missing electron density",
"region_id": "DP00304r005", "ec_name": "Missing electron density",
"region_id": "DP00902r001", "ec_name": "Missing electron density",
"region_id": "DP01450r001", "ec_name": "Electron cryomicroscopy",
"region_id": "DP02317r001", "ec_name": "Nuclear magnetic resonance",
"region_id": "DP00307r003", "ec_name": "Missing electron density",
"region_id": "DP00902r002", "ec_name": "Missing electron density",
"region_id": "DP01452r003", "ec_name": "Electron cryomicroscopy",
"region_id": "DP02327r002", "ec_name": "High relative B-factor",
"region_id": "DP00325r001", "ec_name": "Size exclusion/gel filtration chromatography",
"region_id": "DP00904r001", "ec_name": "Missing electron density",
"region_id": "DP01452r004", "ec_name": "Electron cryomicroscopy",
"region_id": "DP02327r008", "ec_name": "High relative B-factor",
"region_id": "DP00328r006", "ec_name": "Nuclear magnetic resonance",
"region_id": "DP00907r001", "ec_name": "Nuclear magnetic resonance",
"region_id": "DP01453r001", "ec_name": "Electron cryomicroscopy",
"region_id": "DP02328r001", "ec_name": "Missing electron density",
"region_id": "DP00328r010", "ec_name": "Nuclear magnetic resonance",
"region_id": "DP00908r001", "ec_name": "Missing electron density",
"region_id": "DP01454r001", "ec_name": "Electron cryomicroscopy",
"region_id": "DP02331r001", "ec_name": "Circular dichroism spectroscopy far-UV",
"region_id": "DP00329r002", "ec_name": "Circular dichroism spectroscopy near-UV",
"region_id": "DP00913r003", "ec_name": "Missing electron density",
"region_id": "DP01456r001", "ec_name": "Nuclear magnetic resonance",
"region_id": "DP02332r001", "ec_name": "Nuclear magnetic resonance",
"region_id": "DP00332r001", "ec_name": "Nuclear magnetic resonance",
"region_id": "DP00922r001", "ec_name": "Nuclear magnetic resonance",
"region_id": "DP01457r001", "ec_name": "Missing electron density",
"region_id": "DP02334r001", "ec_name": "Nuclear magnetic resonance",
"region_id": "DP00333r001", "ec_name": "Size exclusion/gel filtration chromatography",
"region_id": "DP00926r001", "ec_name": "Nuclear magnetic resonance",
"region_id": "DP01461r001", "ec_name": "Nuclear magnetic resonance",
"region_id": "DP00334r005", "ec_name": "Nuclear magnetic resonance",
"region_id": "DP00926r002", "ec_name": "Nuclear magnetic resonance",
"region_id": "DP01464r001", "ec_name": "Nuclear magnetic resonance",
"region_id": "DP02340r001", "ec_name": "Circular dichroism spectroscopy far-UV",
"region_id": "DP00340r001", "ec_name": "Mass spectrometry-based high resolution hydrogen-deuterium exchange",
"region_id": "DP00930r001", "ec_name": "Nuclear magnetic resonance",
"region_id": "DP01465r003", "ec_name": "Nuclear magnetic resonance",
"region_id": "DP02340r007", "ec_name": "Circular dichroism spectroscopy far-UV",
"region_id": "DP00341r001", "ec_name": "Missing electron density",
"region_id": "DP00931r002", "ec_name": "Circular dichroism spectroscopy far-UV",
"region_id": "DP01467r001", "ec_name": "Circular dichroism spectroscopy far-UV",
"region_id": "DP02386r001", "ec_name": "Crystallography",
"region_id": "DP00343r001", "ec_name": "Nuclear magnetic resonance",
"region_id": "DP00932r001", "ec_name": "Missing electron density",
"region_id": "DP01471r001", "ec_name": "Nuclear magnetic resonance",
"region_id": "DP02408r002", "ec_name": "Crystallography",
"region_id": "DP00345r001", "ec_name": "Circular dichroism spectroscopy far-UV",
"region_id": "DP00933r001", "ec_name": "Nuclear magnetic resonance",
"region_id": "DP01472r001", "ec_name": "Nuclear magnetic resonance",
"region_id": "DP02475r001", "ec_name": "Crystallography",
"region_id": "DP00346r001", "ec_name": "Missing electron density",
"region_id": "DP00937r001", "ec_name": "Nuclear magnetic resonance",
"region_id": "DP01473r001", "ec_name": "Nuclear magnetic resonance",
"region_id": "DP02476r001", "ec_name": "Crystallography",
"region_id": "DP00347r001", "ec_name": "Size exclusion/gel filtration chromatography",
"region_id": "DP00939r001", "ec_name": "Nuclear magnetic resonance",
"region_id": "DP01474r001", "ec_name": "Dynamic light scattering",
"region_id": "DP02476r007", "ec_name": "Crystallography",
"region_id": "DP00348r008", "ec_name": "Nuclear magnetic resonance",
"region_id": "DP00940r001", "ec_name": "Nuclear magnetic resonance",
"region_id": "DP01474r005", "ec_name": "Circular dichroism spectroscopy far-UV",
"region_id": "DP02477r001", "ec_name": "Crystallography",
"region_id": "DP00351r001", "ec_name": "Circular dichroism spectroscopy far-UV",
"region_id": "DP00943r001", "ec_name": "Nuclear magnetic resonance",
"region_id": "DP01475r001", "ec_name": "Nuclear magnetic resonance",
"region_id": "DP02477r005", "ec_name": "Crystallography",
"region_id": "DP00352r002", "ec_name": "Missing electron density",
"region_id": "DP00943r004", "ec_name": "Nuclear magnetic resonance",
"region_id": "DP01476r001", "ec_name": "Circular dichroism spectroscopy far-UV",
"region_id": "DP02478r001", "ec_name": "Crystallography",
"region_id": "DP00353r001", "ec_name": "Nuclear magnetic resonance",
"region_id": "DP00948r001", "ec_name": "Nuclear magnetic resonance",
"region_id": "DP01478r005", "ec_name": "Electron cryomicroscopy",
"region_id": "DP02479r001", "ec_name": "Crystallography",
"region_id": "DP00356r001", "ec_name": "Circular dichroism spectroscopy far-UV",
"region_id": "DP00948r004", "ec_name": "Nuclear magnetic resonance",
"region_id": "DP01478r006", "ec_name": "Missing electron density",
"region_id": "DP02480r001", "ec_name": "Crystallography",
"region_id": "DP00358r001", "ec_name": "Circular dichroism spectroscopy far-UV",
"region_id": "DP00948r036", "ec_name": "Size exclusion/gel filtration chromatography",
"region_id": "DP01479r001", "ec_name": "Electron cryomicroscopy",
"region_id": "DP02481r001", "ec_name": "Missing electron density",
"region_id": "DP00365r001", "ec_name": "Nuclear magnetic resonance",
"region_id": "DP00949r005", "ec_name": "Nuclear magnetic resonance",
"region_id": "DP01479r004", "ec_name": "Electron cryomicroscopy",
"region_id": "DP02481r002", "ec_name": "Missing electron density",
"region_id": "DP00372r001", "ec_name": "Nuclear magnetic resonance",
"region_id": "DP00953r001", "ec_name": "Missing electron density",
"region_id": "DP01480r001", "ec_name": "Small-angle X-ray scattering",
"region_id": "DP02483r001", "ec_name": "Crystallography",
"region_id": "DP00377r001", "ec_name": "Sensitivity to proteolysis",
"region_id": "DP00955r001", "ec_name": "Nuclear magnetic resonance",
"region_id": "DP01481r001", "ec_name": "Circular dichroism spectroscopy far-UV",
"region_id": "DP02484r001", "ec_name": "Crystallography",
"region_id": "DP00378r002", "ec_name": "Analytical ultracentrifugation",
"region_id": "DP00957r001", "ec_name": "Circular dichroism spectroscopy far-UV",
"region_id": "DP01482r001", "ec_name": "Nuclear magnetic resonance",
"region_id": "DP02486r001", "ec_name": "Crystallography",
"region_id": "DP00378r006", "ec_name": "Circular dichroism spectroscopy far-UV",
"region_id": "DP00958r001", "ec_name": "Nuclear magnetic resonance",
"region_id": "DP01484r001", "ec_name": "Nuclear magnetic resonance",
"region_id": "DP02487r001", "ec_name": "Crystallography",
"region_id": "DP00382r003", "ec_name": "Circular dichroism spectroscopy far-UV",
"region_id": "DP00959r001", "ec_name": "Size exclusion/gel filtration chromatography",
"region_id": "DP01486r001", "ec_name": "Circular dichroism spectroscopy far-UV",
"region_id": "DP02487r002", "ec_name": "Crystallography",
"region_id": "DP00385r002", "ec_name": "Missing electron density",
"region_id": "DP00961r001", "ec_name": "Nuclear magnetic resonance",
"region_id": "DP01487r001", "ec_name": "Circular dichroism spectroscopy far-UV",
"region_id": "DP02488r001", "ec_name": "Crystallography",
"region_id": "DP00385r003", "ec_name": "Missing electron density",
"region_id": "DP00965r002", "ec_name": "Circular dichroism spectroscopy far-UV",
"region_id": "DP02490r001", "ec_name": "Crystallography",
"region_id": "DP00387r001", "ec_name": "Nuclear magnetic resonance",
"region_id": "DP00965r003", "ec_name": "Missing electron density",
"region_id": "DP01489r001", "ec_name": "NMR-based hydrogen-deuterium exchange",
"region_id": "DP02491r001", "ec_name": "Crystallography",
"region_id": "DP00389r001", "ec_name": "Circular dichroism spectroscopy far-UV",
"region_id": "DP00966r001", "ec_name": "Nuclear magnetic resonance",
"region_id": "DP01490r001", "ec_name": "Circular dichroism spectroscopy far-UV",
"region_id": "DP02493r001", "ec_name": "Crystallography",
"region_id": "DP00968r001", "ec_name": "Nuclear magnetic resonance",
"region_id": "DP01491r001", "ec_name": "Nuclear magnetic resonance",
"region_id": "DP02493r003", "ec_name": "Crystallography",
"region_id": "DP00398r002", "ec_name": "Missing electron density",
"region_id": "DP00970r001", "ec_name": "Missing electron density",
"region_id": "DP01492r001", "ec_name": "Circular dichroism spectroscopy far-UV",
"region_id": "DP02495r001", "ec_name": "Crystallography",
"region_id": "DP00410r008", "ec_name": "Missing electron density",
"region_id": "DP00973r003", "ec_name": "Small-angle X-ray scattering",
"region_id": "DP01495r001", "ec_name": "Nuclear magnetic resonance",
"region_id": "DP02495r002", "ec_name": "Crystallography",
"region_id": "DP00418r001", "ec_name": "Circular dichroism spectroscopy far-UV",
"region_id": "DP00974r001", "ec_name": "Missing electron density",
"region_id": "DP01497r001", "ec_name": "Nuclear magnetic resonance",
"region_id": "DP02496r001", "ec_name": "Crystallography",
"region_id": "DP00419r001", "ec_name": "Missing electron density",
"region_id": "DP00974r002", "ec_name": "Missing electron density",
"region_id": "DP01498r001", "ec_name": "Circular dichroism spectroscopy far-UV",
"region_id": "DP02497r001", "ec_name": "Crystallography",
"region_id": "DP00420r001", "ec_name": "Nuclear magnetic resonance",
"region_id": "DP00977r001", "ec_name": "Circular dichroism spectroscopy far-UV",
"region_id": "DP01499r001", "ec_name": "Circular dichroism spectroscopy far-UV",
"region_id": "DP02498r001", "ec_name": "Crystallography",
"region_id": "DP00420r004", "ec_name": "Nuclear magnetic resonance",
"region_id": "DP00978r005", "ec_name": "Dynamic light scattering",
"region_id": "DP01500r001", "ec_name": "Circular dichroism spectroscopy far-UV",
"region_id": "DP02499r001", "ec_name": "Crystallography",
"region_id": "DP00421r001", "ec_name": "Sodium dodecyl sulfate polyacrylamide gel electrophoresis",
"region_id": "DP00980r001", "ec_name": "Missing electron density",
"region_id": "DP01501r001", "ec_name": "Circular dichroism spectroscopy far-UV",
"region_id": "DP02500r001", "ec_name": "Crystallography",
"region_id": "DP00423r001", "ec_name": "Circular dichroism spectroscopy far-UV",
"region_id": "DP00984r001", "ec_name": "Missing electron density",
"region_id": "DP01503r001", "ec_name": "Circular dichroism spectroscopy far-UV",
"region_id": "DP02500r002", "ec_name": "Crystallography",
"region_id": "DP00424r001", "ec_name": "Circular dichroism spectroscopy far-UV",
"region_id": "DP00985r001", "ec_name": "Missing electron density",
"region_id": "DP01508r001", "ec_name": "Nuclear magnetic resonance",
"region_id": "DP02501r001", "ec_name": "Crystallography",
"region_id": "DP00427r002", "ec_name": "Missing electron density",
"region_id": "DP00986r001", "ec_name": "Missing electron density",
"region_id": "DP01512r001", "ec_name": "Circular dichroism spectroscopy far-UV",
"region_id": "DP02502r001", "ec_name": "Sensitivity to proteolysis",
"region_id": "DP00435r003", "ec_name": "Missing electron density",
"region_id": "DP00990r001", "ec_name": "Missing electron density",
"region_id": "DP01520r001", "ec_name": "Sodium dodecyl sulfate polyacrylamide gel electrophoresis",
"region_id": "DP02503r001", "ec_name": "Crystallography",
"region_id": "DP00447r016", "ec_name": "Dynamic light scattering",
"region_id": "DP00992r001", "ec_name": "Nuclear magnetic resonance",
"region_id": "DP01521r001", "ec_name": "Synchrotron radiation circular dichroism",
"region_id": "DP02504r003", "ec_name": "Sensitivity to proteolysis",
"region_id": "DP00448r001", "ec_name": "Size exclusion/gel filtration chromatography",
"region_id": "DP00993r001", "ec_name": "Nuclear magnetic resonance",
"region_id": "DP01524r001", "ec_name": "Electron cryomicroscopy",
"region_id": "DP02505r001", "ec_name": "Crystallography",
"region_id": "DP00450r003", "ec_name": "Missing electron density",
"region_id": "DP00994r005", "ec_name": "Missing electron density",
"region_id": "DP01526r006", "ec_name": "Electron cryomicroscopy",
"region_id": "DP02506r001", "ec_name": "Crystallography",
"region_id": "DP00458r001", "ec_name": "Missing electron density",
"region_id": "DP00994r007", "ec_name": "Missing electron density",
"region_id": "DP01527r001", "ec_name": "Missing electron density",
"region_id": "DP02507r001", "ec_name": "Crystallography",
"region_id": "DP00997r004", "ec_name": "Nuclear magnetic resonance",
"region_id": "DP01531r001", "ec_name": "Nuclear magnetic resonance",
"region_id": "DP02508r001", "ec_name": "Crystallography",
"region_id": "DP00462r001", "ec_name": "Missing electron density",
"region_id": "DP00999r001", "ec_name": "Nuclear magnetic resonance",
"region_id": "DP01534r001", "ec_name": "Circular dichroism spectroscopy far-UV",
"region_id": "DP02510r001", "ec_name": "Crystallography",
"region_id": "DP00462r004", "ec_name": "Missing electron density",
"region_id": "DP01535r001", "ec_name": "Small-angle X-ray scattering",
"region_id": "DP02513r001", "ec_name": "Electron cryomicroscopy",
"region_id": "DP00463r004", "ec_name": "Circular dichroism spectroscopy far-UV",
"region_id": "DP01005r002", "ec_name": "Nuclear magnetic resonance",
"region_id": "DP01538r001", "ec_name": "Circular dichroism spectroscopy far-UV",
"region_id": "DP02515r001", "ec_name": "Crystallography",
"region_id": "DP00466r003", "ec_name": "Nuclear magnetic resonance",
"region_id": "DP01009r001", "ec_name": "Circular dichroism spectroscopy far-UV",
"region_id": "DP01539r001", "ec_name": "Small-angle X-ray scattering",
"region_id": "DP02516r001", "ec_name": "Crystallography",
"region_id": "DP00468r001", "ec_name": "Proton-based nuclear magnetic resonance",
"region_id": "DP01011r001", "ec_name": "Missing electron density",
"region_id": "DP01540r001", "ec_name": "Electron cryomicroscopy",
"region_id": "DP02517r001", "ec_name": "Crystallography",
"region_id": "DP00468r002", "ec_name": "Proton-based nuclear magnetic resonance",
"region_id": "DP01014r001", "ec_name": "Missing electron density",
"region_id": "DP01541r001", "ec_name": "Stability at thermal extremes",
"region_id": "DP02518r001", "ec_name": "Crystallography",
"region_id": "DP00469r001", "ec_name": "Circular dichroism spectroscopy far-UV",
"region_id": "DP01016r001", "ec_name": "Nuclear magnetic resonance",
"region_id": "DP01542r001", "ec_name": "Sensitivity to proteolysis",
"region_id": "DP02519r001", "ec_name": "Crystallography",
"region_id": "DP00472r001", "ec_name": "Differential scanning calorimetry",
"region_id": "DP01026r006", "ec_name": "Missing electron density",
"region_id": "DP01544r001", "ec_name": "Nuclear magnetic resonance",
"region_id": "DP02520r001", "ec_name": "Crystallography",
"region_id": "DP00473r004", "ec_name": "Circular dichroism spectroscopy far-UV",
"region_id": "DP01027r001", "ec_name": "Missing electron density",
"region_id": "DP01547r001", "ec_name": "Circular dichroism spectroscopy far-UV",
"region_id": "DP02520r002", "ec_name": "Crystallography",
"region_id": "DP00474r001", "ec_name": "Proton-based nuclear magnetic resonance",
"region_id": "DP01033r001", "ec_name": "Circular dichroism spectroscopy far-UV",
"region_id": "DP01549r001", "ec_name": "Missing electron density",
"region_id": "DP02520r004", "ec_name": "Crystallography",
"region_id": "DP00486r002", "ec_name": "Missing electron density",
"region_id": "DP01034r004", "ec_name": "Fourier transform infrared spectroscopy",
"region_id": "DP01554r001", "ec_name": "Nuclear magnetic resonance",
"region_id": "DP02521r001", "ec_name": "Crystallography",
"region_id": "DP00488r001", "ec_name": "Missing electron density",
"region_id": "DP01035r002", "ec_name": "Circular dichroism spectroscopy far-UV",
"region_id": "DP01556r004", "ec_name": "Circular dichroism spectroscopy far-UV",
"region_id": "DP02521r009", "ec_name": "Electron cryomicroscopy",
"region_id": "DP00491r001", "ec_name": "Circular dichroism spectroscopy far-UV",
"region_id": "DP01036r001", "ec_name": "Circular dichroism spectroscopy far-UV",
"region_id": "DP01557r001", "ec_name": "Circular dichroism spectroscopy far-UV",
"region_id": "DP02522r001", "ec_name": "Missing electron density",
"region_id": "DP00492r001", "ec_name": "Circular dichroism spectroscopy far-UV",
"region_id": "DP01038r001", "ec_name": "Nuclear magnetic resonance",
"region_id": "DP01558r001", "ec_name": "Circular dichroism spectroscopy far-UV",
"region_id": "DP02523r003", "ec_name": "experimental interaction detection",
"region_id": "DP00499r001", "ec_name": "Proton-based nuclear magnetic resonance",
"region_id": "DP01040r001", "ec_name": "Raman optical activity",
"region_id": "DP01559r001", "ec_name": "Nuclear magnetic resonance",
"region_id": "DP02524r002", "ec_name": "Sensitivity to proteolysis",
"region_id": "DP00517r001", "ec_name": "Circular dichroism spectroscopy far-UV",
"region_id": "DP01045r001", "ec_name": "Nuclear magnetic resonance",
"region_id": "DP01560r001", "ec_name": "Missing electron density",
"region_id": "DP02525r001", "ec_name": "Electron cryomicroscopy",
"region_id": "DP00518r027", "ec_name": "Crystallography",
"region_id": "DP01047r001", "ec_name": "Size exclusion/gel filtration chromatography",
"region_id": "DP01561r001", "ec_name": "Sensitivity to proteolysis",
"region_id": "DP02528r001", "ec_name": "Crystallography",
"region_id": "DP00519r001", "ec_name": "Circular dichroism spectroscopy far-UV",
"region_id": "DP01048r004", "ec_name": "Circular dichroism spectroscopy far-UV",
"region_id": "DP01561r004", "ec_name": "Circular dichroism spectroscopy far-UV",
"region_id": "DP02530r002", "ec_name": "western blot",
"region_id": "DP00520r001", "ec_name": "Nuclear magnetic resonance",
"region_id": "DP01051r001", "ec_name": "Circular dichroism spectroscopy far-UV",
"region_id": "DP01562r001", "ec_name": "Missing electron density",
"region_id": "DP02536r001", "ec_name": "Crystallography",
"region_id": "DP00521r001", "ec_name": "Proton-based nuclear magnetic resonance",
"region_id": "DP01052r001", "ec_name": "Circular dichroism spectroscopy far-UV",
"region_id": "DP01562r003", "ec_name": "Missing electron density",
"region_id": "DP02536r002", "ec_name": "Crystallography",
"region_id": "DP00524r001", "ec_name": "Nuclear magnetic resonance",
"region_id": "DP01054r001", "ec_name": "Circular dichroism spectroscopy far-UV",
"region_id": "DP01565r001", "ec_name": "Sodium dodecyl sulfate polyacrylamide gel electrophoresis",
"region_id": "DP02772r028", "ec_name": "Electron cryomicroscopy",
"region_id": "DP00524r004", "ec_name": "Nuclear magnetic resonance",
"region_id": "DP01055r001", "ec_name": "Nuclear magnetic resonance",
"region_id": "DP01567r001", "ec_name": "Mass spectrometry-based high resolution hydrogen-deuterium exchange",
"region_id": "DP02854r001", "ec_name": "Electron cryomicroscopy",
"region_id": "DP00527r001", "ec_name": "Circular dichroism spectroscopy far-UV",
"region_id": "DP01056r001", "ec_name": "Dynamic light scattering",
"region_id": "DP01569r001", "ec_name": "Circular dichroism spectroscopy far-UV",
"region_id": "DP02879r007", "ec_name": "Electron cryomicroscopy",
"region_id": "DP00533r001", "ec_name": "Circular dichroism spectroscopy far-UV",
"region_id": "DP01057r001", "ec_name": "Circular dichroism spectroscopy far-UV",
"region_id": "DP01570r001", "ec_name": "Nuclear magnetic resonance",
"region_id": "DP02879r009", "ec_name": "Electron cryomicroscopy",
"region_id": "DP00534r004", "ec_name": "Nuclear magnetic resonance",
"region_id": "DP01060r001", "ec_name": "Nuclear magnetic resonance",
"region_id": "DP01578r001", "ec_name": "Nuclear magnetic resonance",
"region_id": "DP02880r003", "ec_name": "Electron cryomicroscopy",
"region_id": "DP00537r001", "ec_name": "Circular dichroism spectroscopy far-UV",
"region_id": "DP01064r001", "ec_name": "NMR-based hydrogen-deuterium exchange",
"region_id": "DP01579r003", "ec_name": "Small-angle X-ray scattering",
